"","id0","id1"
"1","sub-NDARINV01NAYMZH","run-03"
"2","sub-NDARINV01NAYMZH","run-04"
"3","sub-NDARINV01AJ15N9","run-01"
"4","sub-NDARINV01AJ15N9","run-03"
"5","sub-NDARINV059VLAHF","run-02"
"6","sub-NDARINV059VLAHF","run-03"
"7","sub-NDARINV059VLAHF","run-01"
"8","sub-NDARINV06WHVUPX","run-02"
"9","sub-NDARINV06WHVUPX","run-01"
"10","sub-NDARINV05X0LM1N","run-03"
"11","sub-NDARINV05X0LM1N","run-02"
"12","sub-NDARINV05X0LM1N","run-01"
"13","sub-NDARINV085CYDEZ","run-02"
"14","sub-NDARINV085CYDEZ","run-01"
"15","sub-NDARINV0BXXNBH4","run-03"
"16","sub-NDARINV0BXXNBH4","run-02"
"17","sub-NDARINV0BXXNBH4","run-01"
"18","sub-NDARINV0CCEN5K2","run-02"
"19","sub-NDARINV0CCEN5K2","run-03"
"20","sub-NDARINV0CCEN5K2","run-01"
"21","sub-NDARINV0CCVJ39W","run-03"
"22","sub-NDARINV0CCVJ39W","run-02"
"23","sub-NDARINV0CCVJ39W","run-01"
"24","sub-NDARINV0CF1U8X8","run-03"
"25","sub-NDARINV0CF1U8X8","run-02"
"26","sub-NDARINV0CF1U8X8","run-01"
"27","sub-NDARINV0DUXE0ZA","run-03"
"28","sub-NDARINV0DUXE0ZA","run-02"
"29","sub-NDARINV0DUXE0ZA","run-01"
"30","sub-NDARINV0P4XZMZA","run-04"
"31","sub-NDARINV0P4XZMZA","run-03"
"32","sub-NDARINV0P4XZMZA","run-02"
"33","sub-NDARINV0PRHUTZA","run-04"
"34","sub-NDARINV0PRHUTZA","run-02"
"35","sub-NDARINV0PRHUTZA","run-01"
"36","sub-NDARINV0TTJA443","run-03"
"37","sub-NDARINV0TTJA443","run-02"
"38","sub-NDARINV0TTJA443","run-01"
"39","sub-NDARINV0V1TYBKE","run-04"
"40","sub-NDARINV0V1TYBKE","run-02"
"41","sub-NDARINV0V1TYBKE","run-01"
"42","sub-NDARINV10K9CVX2","run-04"
"43","sub-NDARINV10K9CVX2","run-02"
"44","sub-NDARINV10K9CVX2","run-01"
"45","sub-NDARINV165NRNVG","run-04"
"46","sub-NDARINV165NRNVG","run-01"
"47","sub-NDARINV165NRNVG","run-03"
"48","sub-NDARINV165NRNVG","run-02"
"49","sub-NDARINV18E23PK7","run-03"
"50","sub-NDARINV18E23PK7","run-02"
"51","sub-NDARINV18E23PK7","run-01"
"52","sub-NDARINV19BR9YHW","run-04"
"53","sub-NDARINV19BR9YHW","run-01"
"54","sub-NDARINV19BR9YHW","run-03"
"55","sub-NDARINV19BR9YHW","run-02"
"56","sub-NDARINV19GP5HLJ","run-02"
"57","sub-NDARINV19GP5HLJ","run-01"
"58","sub-NDARINV1AA2VG9C","run-01"
"59","sub-NDARINV1AA2VG9C","run-02"
"60","sub-NDARINV1BUXN6LH","run-04"
"61","sub-NDARINV1BUXN6LH","run-02"
"62","sub-NDARINV1JC1WW5Y","run-03"
"63","sub-NDARINV1JC1WW5Y","run-02"
"64","sub-NDARINV1JC1WW5Y","run-01"
"65","sub-NDARINV1KP8VFVR","run-04"
"66","sub-NDARINV1KP8VFVR","run-01"
"67","sub-NDARINV1KP8VFVR","run-03"
"68","sub-NDARINV1P7L5P3B","run-03"
"69","sub-NDARINV1P7L5P3B","run-02"
"70","sub-NDARINV1P7L5P3B","run-01"
"71","sub-NDARINV1UNYCP25","run-04"
"72","sub-NDARINV1UNYCP25","run-03"
"73","sub-NDARINV1UWWV5JP","run-04"
"74","sub-NDARINV1UWWV5JP","run-03"
"75","sub-NDARINV1UWWV5JP","run-02"
"76","sub-NDARINV1UWWV5JP","run-01"
"77","sub-NDARINV20MXZPW5","run-04"
"78","sub-NDARINV20MXZPW5","run-03"
"79","sub-NDARINV20MXZPW5","run-01"
"80","sub-NDARINV24V8FLZ3","run-04"
"81","sub-NDARINV24V8FLZ3","run-01"
"82","sub-NDARINV24V8FLZ3","run-03"
"83","sub-NDARINV24V8FLZ3","run-02"
"84","sub-NDARINV28NRLWRX","run-04"
"85","sub-NDARINV28NRLWRX","run-01"
"86","sub-NDARINV28NRLWRX","run-03"
"87","sub-NDARINV28NRLWRX","run-02"
"88","sub-NDARINV2AVRCTAA","run-01"
"89","sub-NDARINV2AVRCTAA","run-03"
"90","sub-NDARINV2AVRCTAA","run-02"
"91","sub-NDARINV2CW9FCHV","run-02"
"92","sub-NDARINV2CW9FCHV","run-01"
"93","sub-NDARINV2FTTVR8J","run-04"
"94","sub-NDARINV2FTTVR8J","run-01"
"95","sub-NDARINV2KZR1A9A","run-02"
"96","sub-NDARINV2KZR1A9A","run-01"
"97","sub-NDARINV2V43CKWH","run-03"
"98","sub-NDARINV2V43CKWH","run-01"
"99","sub-NDARINV2V43CKWH","run-02"
"100","sub-NDARINV2W07991D","run-03"
"101","sub-NDARINV2W07991D","run-02"
"102","sub-NDARINV2W07991D","run-01"
"103","sub-NDARINV2X9JB86Z","run-02"
"104","sub-NDARINV2X9JB86Z","run-01"
"105","sub-NDARINV2YJD21VH","run-04"
"106","sub-NDARINV2YJD21VH","run-01"
"107","sub-NDARINV2YJD21VH","run-03"
"108","sub-NDARINV2YJD21VH","run-02"
"109","sub-NDARINV330HNJEV","run-03"
"110","sub-NDARINV330HNJEV","run-02"
"111","sub-NDARINV330HNJEV","run-01"
"112","sub-NDARINV33V4RC97","run-04"
"113","sub-NDARINV33V4RC97","run-02"
"114","sub-NDARINV33V4RC97","run-01"
"115","sub-NDARINV355PUM5E","run-03"
"116","sub-NDARINV355PUM5E","run-02"
"117","sub-NDARINV355PUM5E","run-01"
"118","sub-NDARINV35KNHNNM","run-04"
"119","sub-NDARINV35KNHNNM","run-03"
"120","sub-NDARINV35KNHNNM","run-02"
"121","sub-NDARINV35KNHNNM","run-01"
"122","sub-NDARINV367WJ8ZA","run-03"
"123","sub-NDARINV367WJ8ZA","run-02"
"124","sub-NDARINV367WJ8ZA","run-01"
"125","sub-NDARINV36HCR0T5","run-02"
"126","sub-NDARINV36HCR0T5","run-01"
"127","sub-NDARINV38DJNT05","run-04"
"128","sub-NDARINV38DJNT05","run-01"
"129","sub-NDARINV39L5JHFA","run-04"
"130","sub-NDARINV39L5JHFA","run-03"
"131","sub-NDARINV39L5JHFA","run-02"
"132","sub-NDARINV3A2DLZTM","run-03"
"133","sub-NDARINV3A2DLZTM","run-02"
"134","sub-NDARINV3A2DLZTM","run-01"
"135","sub-NDARINV3ATWJ2YH","run-03"
"136","sub-NDARINV3ATWJ2YH","run-02"
"137","sub-NDARINV3ATWJ2YH","run-01"
"138","sub-NDARINV3B60KLEU","run-03"
"139","sub-NDARINV3B60KLEU","run-02"
"140","sub-NDARINV3B60KLEU","run-01"
"141","sub-NDARINV3BFH48PE","run-02"
"142","sub-NDARINV3BFH48PE","run-01"
"143","sub-NDARINV3BMMWW3X","run-02"
"144","sub-NDARINV3BMMWW3X","run-01"
"145","sub-NDARINV3CLUDH6D","run-03"
"146","sub-NDARINV3CLUDH6D","run-02"
"147","sub-NDARINV3MLPX0CG","run-03"
"148","sub-NDARINV3MLPX0CG","run-02"
"149","sub-NDARINV3MLPX0CG","run-01"
"150","sub-NDARINV3PTPRFM5","run-03"
"151","sub-NDARINV3PTPRFM5","run-02"
"152","sub-NDARINV3PTPRFM5","run-01"
"153","sub-NDARINV3R1XMUN2","run-03"
"154","sub-NDARINV3R1XMUN2","run-02"
"155","sub-NDARINV3Z0RW5RE","run-01"
"156","sub-NDARINV3Z0RW5RE","run-02"
"157","sub-NDARINV3ZXWNWZK","run-04"
"158","sub-NDARINV3ZXWNWZK","run-01"
"159","sub-NDARINV3ZXWNWZK","run-03"
"160","sub-NDARINV3ZXWNWZK","run-02"
"161","sub-NDARINV474A4X05","run-03"
"162","sub-NDARINV474A4X05","run-02"
"163","sub-NDARINV474A4X05","run-01"
"164","sub-NDARINV48EYUFJ4","run-05"
"165","sub-NDARINV48EYUFJ4","run-03"
"166","sub-NDARINV48EYUFJ4","run-02"
"167","sub-NDARINV48EYUFJ4","run-01"
"168","sub-NDARINV4C616XF8","run-04"
"169","sub-NDARINV4C616XF8","run-03"
"170","sub-NDARINV4C616XF8","run-02"
"171","sub-NDARINV4F8LNY2K","run-02"
"172","sub-NDARINV4F8LNY2K","run-01"
"173","sub-NDARINV4G2RL68U","run-03"
"174","sub-NDARINV4G2RL68U","run-01"
"175","sub-NDARINV4G9T9A6R","run-03"
"176","sub-NDARINV4G9T9A6R","run-02"
"177","sub-NDARINV4G9T9A6R","run-01"
"178","sub-NDARINV4H7G4RXD","run-03"
"179","sub-NDARINV4H7G4RXD","run-01"
"180","sub-NDARINV4H7G4RXD","run-02"
"181","sub-NDARINV4JVM9WML","run-03"
"182","sub-NDARINV4JVM9WML","run-02"
"183","sub-NDARINV4JVM9WML","run-01"
"184","sub-NDARINV4W2U0GZN","run-03"
"185","sub-NDARINV4W2U0GZN","run-01"
"186","sub-NDARINV4XTD87JK","run-03"
"187","sub-NDARINV4XTD87JK","run-02"
"188","sub-NDARINV4XTD87JK","run-01"
"189","sub-NDARINV4Y6K99MT","run-03"
"190","sub-NDARINV4Y6K99MT","run-01"
"191","sub-NDARINV4Y6K99MT","run-02"
"192","sub-NDARINV4Z4RC8PH","run-04"
"193","sub-NDARINV4Z4RC8PH","run-03"
"194","sub-NDARINV4Z4RC8PH","run-02"
"195","sub-NDARINV4Z4RC8PH","run-01"
"196","sub-NDARINV4ZTJFWE1","run-03"
"197","sub-NDARINV4ZTJFWE1","run-02"
"198","sub-NDARINV4ZTJFWE1","run-01"
"199","sub-NDARINV507WXWN7","run-03"
"200","sub-NDARINV507WXWN7","run-02"
"201","sub-NDARINV507WXWN7","run-01"
"202","sub-NDARINV51MR96PG","run-03"
"203","sub-NDARINV51MR96PG","run-02"
"204","sub-NDARINV51MR96PG","run-01"
"205","sub-NDARINV56P2568B","run-03"
"206","sub-NDARINV56P2568B","run-02"
"207","sub-NDARINV56P2568B","run-01"
"208","sub-NDARINV56UZU99J","run-03"
"209","sub-NDARINV56UZU99J","run-02"
"210","sub-NDARINV56UZU99J","run-01"
"211","sub-NDARINV59C2MYUA","run-03"
"212","sub-NDARINV59C2MYUA","run-02"
"213","sub-NDARINV59C2MYUA","run-01"
"214","sub-NDARINV5FBJ0AJ1","run-03"
"215","sub-NDARINV5FBJ0AJ1","run-02"
"216","sub-NDARINV5FBJ0AJ1","run-01"
"217","sub-NDARINV5LUMKVGJ","run-04"
"218","sub-NDARINV5LUMKVGJ","run-03"
"219","sub-NDARINV5PTVY6KC","run-03"
"220","sub-NDARINV5PTVY6KC","run-02"
"221","sub-NDARINV5PTVY6KC","run-01"
"222","sub-NDARINV5T572NVH","run-04"
"223","sub-NDARINV5T572NVH","run-02"
"224","sub-NDARINV5T572NVH","run-01"
"225","sub-NDARINV64VXDF5P","run-04"
"226","sub-NDARINV64VXDF5P","run-02"
"227","sub-NDARINV64VXDF5P","run-01"
"228","sub-NDARINV6CG6LPAT","run-01"
"229","sub-NDARINV6CG6LPAT","run-02"
"230","sub-NDARINV6D3TTBKJ","run-04"
"231","sub-NDARINV6D3TTBKJ","run-03"
"232","sub-NDARINV6D3TTBKJ","run-01"
"233","sub-NDARINV6HRC5TN7","run-03"
"234","sub-NDARINV6HRC5TN7","run-02"
"235","sub-NDARINV6HRC5TN7","run-01"
"236","sub-NDARINV6K35WWL0","run-03"
"237","sub-NDARINV6K35WWL0","run-02"
"238","sub-NDARINV6N503HJZ","run-03"
"239","sub-NDARINV6N503HJZ","run-02"
"240","sub-NDARINV6N503HJZ","run-01"
"241","sub-NDARINV6U7X519L","run-03"
"242","sub-NDARINV6U7X519L","run-02"
"243","sub-NDARINV6U7X519L","run-01"
"244","sub-NDARINV6UU2L6YJ","run-04"
"245","sub-NDARINV6UU2L6YJ","run-03"
"246","sub-NDARINV6UU2L6YJ","run-02"
"247","sub-NDARINV6UU2L6YJ","run-01"
"248","sub-NDARINV6X9U8P56","run-03"
"249","sub-NDARINV6X9U8P56","run-02"
"250","sub-NDARINV6X9U8P56","run-01"
"251","sub-NDARINV6ZTLWMWW","run-04"
"252","sub-NDARINV6ZTLWMWW","run-03"
"253","sub-NDARINV6ZTLWMWW","run-02"
"254","sub-NDARINV6ZTLWMWW","run-01"
"255","sub-NDARINV71MKD752","run-01"
"256","sub-NDARINV71MKD752","run-02"
"257","sub-NDARINV72J2GA95","run-03"
"258","sub-NDARINV72J2GA95","run-02"
"259","sub-NDARINV72J2GA95","run-01"
"260","sub-NDARINV75RKEU4Z","run-03"
"261","sub-NDARINV75RKEU4Z","run-01"
"262","sub-NDARINV75UAC3KM","run-04"
"263","sub-NDARINV75UAC3KM","run-01"
"264","sub-NDARINV75UAC3KM","run-02"
"265","sub-NDARINV7JG0B0Y1","run-03"
"266","sub-NDARINV7JG0B0Y1","run-02"
"267","sub-NDARINV7PXH7ZBR","run-04"
"268","sub-NDARINV7PXH7ZBR","run-01"
"269","sub-NDARINV7PXH7ZBR","run-03"
"270","sub-NDARINV7R52U5A1","run-03"
"271","sub-NDARINV7R52U5A1","run-02"
"272","sub-NDARINV7R52U5A1","run-01"
"273","sub-NDARINV7RNULXT2","run-04"
"274","sub-NDARINV7RNULXT2","run-03"
"275","sub-NDARINV7UY7DLBX","run-04"
"276","sub-NDARINV7UY7DLBX","run-01"
"277","sub-NDARINV7UY7DLBX","run-02"
"278","sub-NDARINV7W42V487","run-01"
"279","sub-NDARINV7W42V487","run-03"
"280","sub-NDARINV7W42V487","run-02"
"281","sub-NDARINV7WBW8TFG","run-04"
"282","sub-NDARINV7WBW8TFG","run-03"
"283","sub-NDARINV7WBW8TFG","run-02"
"284","sub-NDARINV7WBW8TFG","run-01"
"285","sub-NDARINV7X4CGXMP","run-04"
"286","sub-NDARINV7X4CGXMP","run-01"
"287","sub-NDARINV7X4CGXMP","run-02"
"288","sub-NDARINV7XRE8WCY","run-04"
"289","sub-NDARINV7XRE8WCY","run-03"
"290","sub-NDARINV7ZVJYLM3","run-04"
"291","sub-NDARINV7ZVJYLM3","run-01"
"292","sub-NDARINV7ZVJYLM3","run-03"
"293","sub-NDARINV7ZVJYLM3","run-02"
"294","sub-NDARINV81R15GP2","run-04"
"295","sub-NDARINV81R15GP2","run-03"
"296","sub-NDARINV83FXH9MJ","run-01"
"297","sub-NDARINV83FXH9MJ","run-02"
"298","sub-NDARINV8CBT9W65","run-01"
"299","sub-NDARINV8CBT9W65","run-02"
"300","sub-NDARINV8CF76E8P","run-02"
"301","sub-NDARINV8CF76E8P","run-01"
"302","sub-NDARINV8DV0K9FK","run-04"
"303","sub-NDARINV8DV0K9FK","run-03"
"304","sub-NDARINV8DV0K9FK","run-02"
"305","sub-NDARINV8DV0K9FK","run-01"
"306","sub-NDARINV8E028M6F","run-02"
"307","sub-NDARINV8E028M6F","run-01"
"308","sub-NDARINV8FHKFFRM","run-04"
"309","sub-NDARINV8FHKFFRM","run-03"
"310","sub-NDARINV8FHKFFRM","run-02"
"311","sub-NDARINV8GE4JHY8","run-04"
"312","sub-NDARINV8GE4JHY8","run-01"
"313","sub-NDARINV8GE4JHY8","run-02"
"314","sub-NDARINV8GZUK8EV","run-01"
"315","sub-NDARINV8GZUK8EV","run-02"
"316","sub-NDARINV8HCVHC17","run-04"
"317","sub-NDARINV8HCVHC17","run-03"
"318","sub-NDARINV8HCVHC17","run-02"
"319","sub-NDARINV8HCVHC17","run-01"
"320","sub-NDARINV8J5VU553","run-03"
"321","sub-NDARINV8J5VU553","run-02"
"322","sub-NDARINV8J5VU553","run-01"
"323","sub-NDARINV8J6JMUXE","run-03"
"324","sub-NDARINV8J6JMUXE","run-02"
"325","sub-NDARINV8J6JMUXE","run-01"
"326","sub-NDARINV8LU9U8DZ","run-03"
"327","sub-NDARINV8LU9U8DZ","run-02"
"328","sub-NDARINV8LU9U8DZ","run-01"
"329","sub-NDARINV8MD5H3AW","run-03"
"330","sub-NDARINV8MD5H3AW","run-01"
"331","sub-NDARINV8TWNRCGG","run-04"
"332","sub-NDARINV8TWNRCGG","run-03"
"333","sub-NDARINV8TWNRCGG","run-02"
"334","sub-NDARINV8TWNRCGG","run-01"
"335","sub-NDARINV8YGT3ABW","run-04"
"336","sub-NDARINV8YGT3ABW","run-01"
"337","sub-NDARINV8YGT3ABW","run-03"
"338","sub-NDARINV8YW7NZDX","run-04"
"339","sub-NDARINV8YW7NZDX","run-03"
"340","sub-NDARINV8YW7NZDX","run-02"
"341","sub-NDARINV8Z3XXD69","run-02"
"342","sub-NDARINV8Z3XXD69","run-01"
"343","sub-NDARINV8ZNJ982B","run-04"
"344","sub-NDARINV8ZNJ982B","run-03"
"345","sub-NDARINV8ZNJ982B","run-02"
"346","sub-NDARINV8ZNJ982B","run-01"
"347","sub-NDARINV8ZXPKPRN","run-02"
"348","sub-NDARINV8ZXPKPRN","run-01"
"349","sub-NDARINV956C4ZGG","run-02"
"350","sub-NDARINV956C4ZGG","run-01"
"351","sub-NDARINV99BP99WU","run-02"
"352","sub-NDARINV99BP99WU","run-01"
"353","sub-NDARINV9ACM4FBA","run-04"
"354","sub-NDARINV9ACM4FBA","run-03"
"355","sub-NDARINV9BBUE6LG","run-04"
"356","sub-NDARINV9BBUE6LG","run-01"
"357","sub-NDARINV9BBUE6LG","run-02"
"358","sub-NDARINV9D1R1M0C","run-02"
"359","sub-NDARINV9D1R1M0C","run-01"
"360","sub-NDARINV9DTKH5ER","run-04"
"361","sub-NDARINV9DTKH5ER","run-02"
"362","sub-NDARINV9G641C44","run-03"
"363","sub-NDARINV9G641C44","run-02"
"364","sub-NDARINV9G641C44","run-01"
"365","sub-NDARINV9LVF1WUU","run-01"
"366","sub-NDARINV9LVF1WUU","run-03"
"367","sub-NDARINV9LVF1WUU","run-02"
"368","sub-NDARINV9NJKP5VL","run-03"
"369","sub-NDARINV9NJKP5VL","run-02"
"370","sub-NDARINV9NJKP5VL","run-01"
"371","sub-NDARINV9PNVA22B","run-04"
"372","sub-NDARINV9PNVA22B","run-03"
"373","sub-NDARINV9PNVA22B","run-02"
"374","sub-NDARINV9PNVA22B","run-01"
"375","sub-NDARINV9PVJXVCK","run-03"
"376","sub-NDARINV9PVJXVCK","run-02"
"377","sub-NDARINV9PVJXVCK","run-01"
"378","sub-NDARINV9VW8MT82","run-01"
"379","sub-NDARINV9VW8MT82","run-03"
"380","sub-NDARINV9VW8MT82","run-02"
"381","sub-NDARINVA140KMXY","run-03"
"382","sub-NDARINVA140KMXY","run-02"
"383","sub-NDARINVA140KMXY","run-01"
"384","sub-NDARINVA1TDVMA1","run-04"
"385","sub-NDARINVA1TDVMA1","run-01"
"386","sub-NDARINVA1TDVMA1","run-03"
"387","sub-NDARINVA1TDVMA1","run-02"
"388","sub-NDARINVA2VRT06X","run-04"
"389","sub-NDARINVA2VRT06X","run-01"
"390","sub-NDARINVA2VRT06X","run-03"
"391","sub-NDARINVA2VRT06X","run-02"
"392","sub-NDARINVA3A3F421","run-03"
"393","sub-NDARINVA3A3F421","run-02"
"394","sub-NDARINVA3A3F421","run-01"
"395","sub-NDARINVA54MB68D","run-03"
"396","sub-NDARINVA54MB68D","run-02"
"397","sub-NDARINVA54MB68D","run-01"
"398","sub-NDARINVA9GJMD11","run-04"
"399","sub-NDARINVA9GJMD11","run-01"
"400","sub-NDARINVA9GJMD11","run-03"
"401","sub-NDARINVAB4VZUWB","run-03"
"402","sub-NDARINVAB4VZUWB","run-02"
"403","sub-NDARINVAB4VZUWB","run-01"
"404","sub-NDARINVABMADLKV","run-03"
"405","sub-NDARINVABMADLKV","run-02"
"406","sub-NDARINVABMADLKV","run-01"
"407","sub-NDARINVAD301F7N","run-03"
"408","sub-NDARINVAD301F7N","run-02"
"409","sub-NDARINVAD301F7N","run-01"
"410","sub-NDARINVAD8N7RW7","run-04"
"411","sub-NDARINVAD8N7RW7","run-01"
"412","sub-NDARINVAD8N7RW7","run-03"
"413","sub-NDARINVAD8N7RW7","run-02"
"414","sub-NDARINVAEHDBWMH","run-03"
"415","sub-NDARINVAEHDBWMH","run-02"
"416","sub-NDARINVAEHDBWMH","run-01"
"417","sub-NDARINVAHHN0B3E","run-01"
"418","sub-NDARINVAHHN0B3E","run-03"
"419","sub-NDARINVAHREHU85","run-04"
"420","sub-NDARINVAHREHU85","run-01"
"421","sub-NDARINVAHREHU85","run-03"
"422","sub-NDARINVAHREHU85","run-02"
"423","sub-NDARINVANMZGAVD","run-02"
"424","sub-NDARINVANMZGAVD","run-01"
"425","sub-NDARINVAPJKJ5KB","run-04"
"426","sub-NDARINVAPJKJ5KB","run-02"
"427","sub-NDARINVATGY6TA4","run-03"
"428","sub-NDARINVATGY6TA4","run-02"
"429","sub-NDARINVATGY6TA4","run-01"
"430","sub-NDARINVAUR9UZH4","run-02"
"431","sub-NDARINVAUR9UZH4","run-01"
"432","sub-NDARINVAVJXHAEC","run-01"
"433","sub-NDARINVAVJXHAEC","run-02"
"434","sub-NDARINVAWA5076Z","run-04"
"435","sub-NDARINVAWA5076Z","run-03"
"436","sub-NDARINVAY9W0F99","run-04"
"437","sub-NDARINVAY9W0F99","run-01"
"438","sub-NDARINVB14AY6F8","run-03"
"439","sub-NDARINVB14AY6F8","run-02"
"440","sub-NDARINVB14AY6F8","run-01"
"441","sub-NDARINVB3CU3GHK","run-03"
"442","sub-NDARINVB3CU3GHK","run-02"
"443","sub-NDARINVB3CU3GHK","run-01"
"444","sub-NDARINVB6YGLTJK","run-03"
"445","sub-NDARINVB6YGLTJK","run-04"
"446","sub-NDARINVB6YGLTJK","run-02"
"447","sub-NDARINVB9RXNJDB","run-03"
"448","sub-NDARINVB9RXNJDB","run-02"
"449","sub-NDARINVB9RXNJDB","run-01"
"450","sub-NDARINVBH7UHE62","run-01"
"451","sub-NDARINVBH7UHE62","run-02"
"452","sub-NDARINVBHD2GF0Z","run-03"
"453","sub-NDARINVBHD2GF0Z","run-02"
"454","sub-NDARINVBHD2GF0Z","run-01"
"455","sub-NDARINVBK0V5AJK","run-04"
"456","sub-NDARINVBK0V5AJK","run-03"
"457","sub-NDARINVBMF1MNMV","run-02"
"458","sub-NDARINVBMF1MNMV","run-01"
"459","sub-NDARINVBN8Z67UX","run-04"
"460","sub-NDARINVBN8Z67UX","run-01"
"461","sub-NDARINVBR1ZHAEJ","run-05"
"462","sub-NDARINVBR1ZHAEJ","run-03"
"463","sub-NDARINVBR1ZHAEJ","run-04"
"464","sub-NDARINVBV75E69L","run-04"
"465","sub-NDARINVBV75E69L","run-03"
"466","sub-NDARINVBV75E69L","run-02"
"467","sub-NDARINVBV75E69L","run-01"
"468","sub-NDARINVC3A7UBT2","run-03"
"469","sub-NDARINVC3A7UBT2","run-02"
"470","sub-NDARINVC9DWTY95","run-04"
"471","sub-NDARINVC9DWTY95","run-05"
"472","sub-NDARINVC9DWTY95","run-03"
"473","sub-NDARINVC9DWTY95","run-02"
"474","sub-NDARINVCA6R8P2J","run-04"
"475","sub-NDARINVCA6R8P2J","run-03"
"476","sub-NDARINVCA6R8P2J","run-02"
"477","sub-NDARINVCA6R8P2J","run-01"
"478","sub-NDARINVCD3GLYXK","run-03"
"479","sub-NDARINVCD3GLYXK","run-02"
"480","sub-NDARINVCKMG9A44","run-02"
"481","sub-NDARINVCKMG9A44","run-01"
"482","sub-NDARINVCPKCD2H0","run-03"
"483","sub-NDARINVCPKCD2H0","run-02"
"484","sub-NDARINVCUNJD89E","run-03"
"485","sub-NDARINVCUNJD89E","run-02"
"486","sub-NDARINVCUNJD89E","run-01"
"487","sub-NDARINVCVWPX3EA","run-02"
"488","sub-NDARINVCVWPX3EA","run-01"
"489","sub-NDARINVCVWPX3EA","run-03"
"490","sub-NDARINVCW8WDA3J","run-03"
"491","sub-NDARINVCW8WDA3J","run-02"
"492","sub-NDARINVCW8WDA3J","run-01"
"493","sub-NDARINVCZU8RL3L","run-02"
"494","sub-NDARINVCZU8RL3L","run-01"
"495","sub-NDARINVD13XNZ1E","run-03"
"496","sub-NDARINVD13XNZ1E","run-02"
"497","sub-NDARINVD13XNZ1E","run-01"
"498","sub-NDARINVD1APEXLT","run-01"
"499","sub-NDARINVD1APEXLT","run-03"
"500","sub-NDARINVD1APEXLT","run-02"
"501","sub-NDARINVD1DCEAJH","run-04"
"502","sub-NDARINVD1DCEAJH","run-01"
"503","sub-NDARINVD1DCEAJH","run-03"
"504","sub-NDARINVD1DCEAJH","run-02"
"505","sub-NDARINVD1YTW0G6","run-04"
"506","sub-NDARINVD1YTW0G6","run-03"
"507","sub-NDARINVD1YTW0G6","run-02"
"508","sub-NDARINVD33P1GPC","run-03"
"509","sub-NDARINVD33P1GPC","run-02"
"510","sub-NDARINVD33P1GPC","run-01"
"511","sub-NDARINVD5UV2RGA","run-03"
"512","sub-NDARINVD5UV2RGA","run-02"
"513","sub-NDARINVD5UV2RGA","run-01"
"514","sub-NDARINVD8M17149","run-02"
"515","sub-NDARINVD8M17149","run-01"
"516","sub-NDARINVD8NF2X35","run-03"
"517","sub-NDARINVD8NF2X35","run-01"
"518","sub-NDARINVDB28XX06","run-03"
"519","sub-NDARINVDB28XX06","run-02"
"520","sub-NDARINVDB28XX06","run-01"
"521","sub-NDARINVDEKRPJ5X","run-03"
"522","sub-NDARINVDEKRPJ5X","run-02"
"523","sub-NDARINVDEKRPJ5X","run-01"
"524","sub-NDARINVDTL56WZU","run-03"
"525","sub-NDARINVDTL56WZU","run-02"
"526","sub-NDARINVDTL56WZU","run-01"
"527","sub-NDARINVDW1BKLJN","run-03"
"528","sub-NDARINVDW1BKLJN","run-02"
"529","sub-NDARINVDW1BKLJN","run-01"
"530","sub-NDARINVE02NUBGT","run-04"
"531","sub-NDARINVE02NUBGT","run-01"
"532","sub-NDARINVE02NUBGT","run-03"
"533","sub-NDARINVE02NUBGT","run-02"
"534","sub-NDARINVE26RRHNP","run-02"
"535","sub-NDARINVE26RRHNP","run-01"
"536","sub-NDARINVE414T9WK","run-02"
"537","sub-NDARINVE414T9WK","run-03"
"538","sub-NDARINVE414T9WK","run-01"
"539","sub-NDARINVE5WTBCCC","run-03"
"540","sub-NDARINVE5WTBCCC","run-02"
"541","sub-NDARINVE5WTBCCC","run-01"
"542","sub-NDARINVE8L48Y5N","run-04"
"543","sub-NDARINVE8L48Y5N","run-03"
"544","sub-NDARINVE8L48Y5N","run-02"
"545","sub-NDARINVE8L48Y5N","run-01"
"546","sub-NDARINVED7CA79P","run-04"
"547","sub-NDARINVED7CA79P","run-02"
"548","sub-NDARINVEEEJ9XTB","run-04"
"549","sub-NDARINVEEEJ9XTB","run-03"
"550","sub-NDARINVEEEJ9XTB","run-02"
"551","sub-NDARINVEEGFEXUY","run-04"
"552","sub-NDARINVEEGFEXUY","run-02"
"553","sub-NDARINVEEGFEXUY","run-01"
"554","sub-NDARINVEWYRM0KZ","run-01"
"555","sub-NDARINVEWYRM0KZ","run-02"
"556","sub-NDARINVF08DPWLT","run-03"
"557","sub-NDARINVF08DPWLT","run-02"
"558","sub-NDARINVF08DPWLT","run-01"
"559","sub-NDARINVF1TB9CPJ","run-03"
"560","sub-NDARINVF1TB9CPJ","run-02"
"561","sub-NDARINVFBV98M5D","run-01"
"562","sub-NDARINVFBV98M5D","run-02"
"563","sub-NDARINVFC0XL0E1","run-03"
"564","sub-NDARINVFC0XL0E1","run-02"
"565","sub-NDARINVFC0XL0E1","run-01"
"566","sub-NDARINVFC12GLF0","run-02"
"567","sub-NDARINVFC12GLF0","run-01"
"568","sub-NDARINVFD9X0A8E","run-04"
"569","sub-NDARINVFD9X0A8E","run-03"
"570","sub-NDARINVFD9X0A8E","run-02"
"571","sub-NDARINVFD9X0A8E","run-01"
"572","sub-NDARINVFF01R0CH","run-03"
"573","sub-NDARINVFF01R0CH","run-02"
"574","sub-NDARINVFF01R0CH","run-01"
"575","sub-NDARINVFF1FE8EN","run-01"
"576","sub-NDARINVFF1FE8EN","run-02"
"577","sub-NDARINVFGGKCL3V","run-01"
"578","sub-NDARINVFGGKCL3V","run-03"
"579","sub-NDARINVFGGKCL3V","run-02"
"580","sub-NDARINVFLPJWCHN","run-03"
"581","sub-NDARINVFLPJWCHN","run-02"
"582","sub-NDARINVFLUR44J7","run-03"
"583","sub-NDARINVFLUR44J7","run-02"
"584","sub-NDARINVFLUR44J7","run-01"
"585","sub-NDARINVFMHWAFKJ","run-03"
"586","sub-NDARINVFMHWAFKJ","run-02"
"587","sub-NDARINVFMHWAFKJ","run-01"
"588","sub-NDARINVFN0UUKK3","run-03"
"589","sub-NDARINVFN0UUKK3","run-02"
"590","sub-NDARINVFN0UUKK3","run-01"
"591","sub-NDARINVFP7WAK5D","run-04"
"592","sub-NDARINVFP7WAK5D","run-01"
"593","sub-NDARINVFP7WAK5D","run-02"
"594","sub-NDARINVFRJ6LFD5","run-03"
"595","sub-NDARINVFRJ6LFD5","run-02"
"596","sub-NDARINVFRJ6LFD5","run-01"
"597","sub-NDARINVFVPJVUJZ","run-03"
"598","sub-NDARINVFVPJVUJZ","run-02"
"599","sub-NDARINVFVPJVUJZ","run-01"
"600","sub-NDARINVFY2VY166","run-02"
"601","sub-NDARINVFY2VY166","run-01"
"602","sub-NDARINVG059BTMJ","run-02"
"603","sub-NDARINVG059BTMJ","run-01"
"604","sub-NDARINVG40TP4HF","run-03"
"605","sub-NDARINVG40TP4HF","run-02"
"606","sub-NDARINVG40TP4HF","run-01"
"607","sub-NDARINVG545NFAE","run-04"
"608","sub-NDARINVG545NFAE","run-02"
"609","sub-NDARINVG545NFAE","run-01"
"610","sub-NDARINVG8JBY950","run-03"
"611","sub-NDARINVG8JBY950","run-02"
"612","sub-NDARINVG8JBY950","run-01"
"613","sub-NDARINVGF6M43VF","run-02"
"614","sub-NDARINVGF6M43VF","run-03"
"615","sub-NDARINVGF6M43VF","run-01"
"616","sub-NDARINVGGTCPFBU","run-03"
"617","sub-NDARINVGGTCPFBU","run-02"
"618","sub-NDARINVGGTCPFBU","run-01"
"619","sub-NDARINVGUGEVCM0","run-04"
"620","sub-NDARINVGUGEVCM0","run-01"
"621","sub-NDARINVGUGEVCM0","run-03"
"622","sub-NDARINVGUGEVCM0","run-02"
"623","sub-NDARINVGWG4RUR9","run-04"
"624","sub-NDARINVGWG4RUR9","run-03"
"625","sub-NDARINVGWG4RUR9","run-02"
"626","sub-NDARINVH1A3JG9F","run-03"
"627","sub-NDARINVH1A3JG9F","run-02"
"628","sub-NDARINVH1A3JG9F","run-01"
"629","sub-NDARINVH1E70RH9","run-03"
"630","sub-NDARINVH1E70RH9","run-02"
"631","sub-NDARINVH1E70RH9","run-01"
"632","sub-NDARINVH3JAB3RR","run-04"
"633","sub-NDARINVH3JAB3RR","run-03"
"634","sub-NDARINVH6MRC067","run-03"
"635","sub-NDARINVH6MRC067","run-02"
"636","sub-NDARINVH6MRC067","run-01"
"637","sub-NDARINVH83KP4EM","run-01"
"638","sub-NDARINVH83KP4EM","run-02"
"639","sub-NDARINVH8NGBTPP","run-04"
"640","sub-NDARINVH8NGBTPP","run-03"
"641","sub-NDARINVH8NGBTPP","run-02"
"642","sub-NDARINVHC9R0C16","run-03"
"643","sub-NDARINVHC9R0C16","run-02"
"644","sub-NDARINVHC9R0C16","run-01"
"645","sub-NDARINVHD5LEW4G","run-03"
"646","sub-NDARINVHD5LEW4G","run-02"
"647","sub-NDARINVHD5LEW4G","run-01"
"648","sub-NDARINVHD6C4KL6","run-02"
"649","sub-NDARINVHD6C4KL6","run-01"
"650","sub-NDARINVHF0D2M6B","run-04"
"651","sub-NDARINVHF0D2M6B","run-03"
"652","sub-NDARINVHF0D2M6B","run-02"
"653","sub-NDARINVHF0D2M6B","run-01"
"654","sub-NDARINVHFKCY87W","run-03"
"655","sub-NDARINVHFKCY87W","run-02"
"656","sub-NDARINVHFKCY87W","run-01"
"657","sub-NDARINVHFZ6EMM2","run-03"
"658","sub-NDARINVHFZ6EMM2","run-02"
"659","sub-NDARINVHFZ6EMM2","run-01"
"660","sub-NDARINVHRJNTDPZ","run-02"
"661","sub-NDARINVHRJNTDPZ","run-01"
"662","sub-NDARINVHRTU9HVX","run-02"
"663","sub-NDARINVHRTU9HVX","run-01"
"664","sub-NDARINVHX94ZLXK","run-02"
"665","sub-NDARINVHX94ZLXK","run-01"
"666","sub-NDARINVJ6EUW017","run-03"
"667","sub-NDARINVJ6EUW017","run-02"
"668","sub-NDARINVJ6MH0EXG","run-03"
"669","sub-NDARINVJ6MH0EXG","run-02"
"670","sub-NDARINVJ8CMYN6U","run-03"
"671","sub-NDARINVJ8CMYN6U","run-02"
"672","sub-NDARINVJ8JU5JAA","run-03"
"673","sub-NDARINVJ8JU5JAA","run-02"
"674","sub-NDARINVJAD86WDH","run-02"
"675","sub-NDARINVJAD86WDH","run-01"
"676","sub-NDARINVJHEF7HG0","run-04"
"677","sub-NDARINVJHEF7HG0","run-01"
"678","sub-NDARINVJHEF7HG0","run-03"
"679","sub-NDARINVJHEF7HG0","run-02"
"680","sub-NDARINVJMAK2VV0","run-04"
"681","sub-NDARINVJMAK2VV0","run-03"
"682","sub-NDARINVJP58CZGJ","run-04"
"683","sub-NDARINVJP58CZGJ","run-01"
"684","sub-NDARINVJP58CZGJ","run-03"
"685","sub-NDARINVJPMRY00B","run-03"
"686","sub-NDARINVJPMRY00B","run-02"
"687","sub-NDARINVJPV235G4","run-04"
"688","sub-NDARINVJPV235G4","run-01"
"689","sub-NDARINVJPV235G4","run-03"
"690","sub-NDARINVJPV235G4","run-02"
"691","sub-NDARINVJT5AUAK8","run-04"
"692","sub-NDARINVJT5AUAK8","run-03"
"693","sub-NDARINVJT5AUAK8","run-02"
"694","sub-NDARINVJT5AUAK8","run-01"
"695","sub-NDARINVJTA9PW0F","run-04"
"696","sub-NDARINVJTA9PW0F","run-03"
"697","sub-NDARINVJTA9PW0F","run-02"
"698","sub-NDARINVJTA9PW0F","run-01"
"699","sub-NDARINVJU6W0MXX","run-04"
"700","sub-NDARINVJU6W0MXX","run-01"
"701","sub-NDARINVJU6W0MXX","run-03"
"702","sub-NDARINVJU6W0MXX","run-02"
"703","sub-NDARINVJV3VFJD1","run-03"
"704","sub-NDARINVJV3VFJD1","run-02"
"705","sub-NDARINVJV3VFJD1","run-01"
"706","sub-NDARINVJWXRTDHM","run-03"
"707","sub-NDARINVJWXRTDHM","run-02"
"708","sub-NDARINVJWXRTDHM","run-01"
"709","sub-NDARINVJYXYG81D","run-04"
"710","sub-NDARINVJYXYG81D","run-03"
"711","sub-NDARINVJYXYG81D","run-02"
"712","sub-NDARINVJYXYG81D","run-01"
"713","sub-NDARINVJZ12514R","run-04"
"714","sub-NDARINVJZ12514R","run-01"
"715","sub-NDARINVJZ12514R","run-02"
"716","sub-NDARINVK0U3PRRR","run-01"
"717","sub-NDARINVK0U3PRRR","run-03"
"718","sub-NDARINVK0U3PRRR","run-02"
"719","sub-NDARINVK2KFJDG5","run-03"
"720","sub-NDARINVK2KFJDG5","run-02"
"721","sub-NDARINVK2KFJDG5","run-01"
"722","sub-NDARINVK4JJ20YY","run-01"
"723","sub-NDARINVK4JJ20YY","run-02"
"724","sub-NDARINVK5JP23J6","run-03"
"725","sub-NDARINVK5JP23J6","run-02"
"726","sub-NDARINVK5JP23J6","run-01"
"727","sub-NDARINVK7150G4Z","run-04"
"728","sub-NDARINVK7150G4Z","run-03"
"729","sub-NDARINVK7150G4Z","run-02"
"730","sub-NDARINVK7150G4Z","run-01"
"731","sub-NDARINVK9DZW93Y","run-03"
"732","sub-NDARINVK9DZW93Y","run-02"
"733","sub-NDARINVK9DZW93Y","run-01"
"734","sub-NDARINVKDGX17KZ","run-03"
"735","sub-NDARINVKDGX17KZ","run-02"
"736","sub-NDARINVKFGPP88F","run-03"
"737","sub-NDARINVKFGPP88F","run-02"
"738","sub-NDARINVKFGPP88F","run-01"
"739","sub-NDARINVKGU77A38","run-04"
"740","sub-NDARINVKGU77A38","run-03"
"741","sub-NDARINVKGU77A38","run-01"
"742","sub-NDARINVKK8HT4H8","run-03"
"743","sub-NDARINVKK8HT4H8","run-02"
"744","sub-NDARINVKK8HT4H8","run-01"
"745","sub-NDARINVKKXA5H12","run-04"
"746","sub-NDARINVKKXA5H12","run-01"
"747","sub-NDARINVKKXA5H12","run-02"
"748","sub-NDARINVKNRU5BYD","run-01"
"749","sub-NDARINVKNRU5BYD","run-03"
"750","sub-NDARINVKNRU5BYD","run-02"
"751","sub-NDARINVKP3A1LBZ","run-02"
"752","sub-NDARINVKP3A1LBZ","run-01"
"753","sub-NDARINVKPF4GFHV","run-04"
"754","sub-NDARINVKPF4GFHV","run-01"
"755","sub-NDARINVKPF4GFHV","run-03"
"756","sub-NDARINVKPF4GFHV","run-02"
"757","sub-NDARINVKW02LRCP","run-04"
"758","sub-NDARINVKW02LRCP","run-01"
"759","sub-NDARINVKW02LRCP","run-02"
"760","sub-NDARINVKWYR8JMB","run-03"
"761","sub-NDARINVKWYR8JMB","run-02"
"762","sub-NDARINVKWYR8JMB","run-01"
"763","sub-NDARINVKZ38RVXY","run-04"
"764","sub-NDARINVKZ38RVXY","run-03"
"765","sub-NDARINVKZ38RVXY","run-02"
"766","sub-NDARINVKZ38RVXY","run-01"
"767","sub-NDARINVKZ5G9C6C","run-01"
"768","sub-NDARINVKZ5G9C6C","run-03"
"769","sub-NDARINVL8HJ4BVC","run-01"
"770","sub-NDARINVL8HJ4BVC","run-02"
"771","sub-NDARINVL8MTLH03","run-04"
"772","sub-NDARINVL8MTLH03","run-03"
"773","sub-NDARINVL8MTLH03","run-01"
"774","sub-NDARINVL9KCH70W","run-01"
"775","sub-NDARINVL9KCH70W","run-02"
"776","sub-NDARINVLBB0TDL0","run-03"
"777","sub-NDARINVLBB0TDL0","run-01"
"778","sub-NDARINVLBB0TDL0","run-02"
"779","sub-NDARINVLMME1BK2","run-03"
"780","sub-NDARINVLMME1BK2","run-02"
"781","sub-NDARINVLMME1BK2","run-01"
"782","sub-NDARINVLRTEWBMH","run-03"
"783","sub-NDARINVLRTEWBMH","run-02"
"784","sub-NDARINVLRTEWBMH","run-01"
"785","sub-NDARINVLVW6C8DX","run-04"
"786","sub-NDARINVLVW6C8DX","run-01"
"787","sub-NDARINVLVW6C8DX","run-02"
"788","sub-NDARINVLX09YB8N","run-02"
"789","sub-NDARINVLX09YB8N","run-01"
"790","sub-NDARINVM3JM9ARN","run-04"
"791","sub-NDARINVM3JM9ARN","run-01"
"792","sub-NDARINVM3JM9ARN","run-03"
"793","sub-NDARINVM3JM9ARN","run-02"
"794","sub-NDARINVM3VWCXNN","run-04"
"795","sub-NDARINVM3VWCXNN","run-01"
"796","sub-NDARINVM6781J8F","run-03"
"797","sub-NDARINVM6781J8F","run-02"
"798","sub-NDARINVM6781J8F","run-01"
"799","sub-NDARINVM7B2FF2Y","run-03"
"800","sub-NDARINVM7B2FF2Y","run-02"
"801","sub-NDARINVM7B2FF2Y","run-01"
"802","sub-NDARINVM889LV1R","run-03"
"803","sub-NDARINVM889LV1R","run-02"
"804","sub-NDARINVM889LV1R","run-01"
"805","sub-NDARINVM8P79888","run-03"
"806","sub-NDARINVM8P79888","run-02"
"807","sub-NDARINVM8P79888","run-01"
"808","sub-NDARINVMDEU4XC0","run-01"
"809","sub-NDARINVMDEU4XC0","run-02"
"810","sub-NDARINVMDWZP1FT","run-03"
"811","sub-NDARINVMDWZP1FT","run-02"
"812","sub-NDARINVMDWZP1FT","run-01"
"813","sub-NDARINVMHCA4296","run-04"
"814","sub-NDARINVMHCA4296","run-03"
"815","sub-NDARINVMHCA4296","run-01"
"816","sub-NDARINVMJPLXBJT","run-03"
"817","sub-NDARINVMJPLXBJT","run-02"
"818","sub-NDARINVMJPLXBJT","run-01"
"819","sub-NDARINVMKW7RNZ8","run-04"
"820","sub-NDARINVMKW7RNZ8","run-02"
"821","sub-NDARINVMKW7RNZ8","run-01"
"822","sub-NDARINVML3JWCTF","run-03"
"823","sub-NDARINVML3JWCTF","run-02"
"824","sub-NDARINVMM0GMFCC","run-01"
"825","sub-NDARINVMM0GMFCC","run-02"
"826","sub-NDARINVMPFRT30T","run-03"
"827","sub-NDARINVMPFRT30T","run-02"
"828","sub-NDARINVMPFRT30T","run-01"
"829","sub-NDARINVMTJLG5JL","run-03"
"830","sub-NDARINVMTJLG5JL","run-02"
"831","sub-NDARINVMTJLG5JL","run-01"
"832","sub-NDARINVMWC4BV86","run-04"
"833","sub-NDARINVMWC4BV86","run-03"
"834","sub-NDARINVMWC4BV86","run-02"
"835","sub-NDARINVMWC4BV86","run-01"
"836","sub-NDARINVMXGV952X","run-01"
"837","sub-NDARINVMXGV952X","run-02"
"838","sub-NDARINVN4G2HXY1","run-03"
"839","sub-NDARINVN4G2HXY1","run-02"
"840","sub-NDARINVN4G2HXY1","run-01"
"841","sub-NDARINVN5FRRMAK","run-03"
"842","sub-NDARINVN5FRRMAK","run-02"
"843","sub-NDARINVNCUV83U4","run-04"
"844","sub-NDARINVNCUV83U4","run-03"
"845","sub-NDARINVNCUV83U4","run-02"
"846","sub-NDARINVNCUV83U4","run-01"
"847","sub-NDARINVNTJF26D6","run-04"
"848","sub-NDARINVNTJF26D6","run-03"
"849","sub-NDARINVNTJF26D6","run-02"
"850","sub-NDARINVNV04JNKA","run-02"
"851","sub-NDARINVNV04JNKA","run-01"
"852","sub-NDARINVNW7JFAN8","run-04"
"853","sub-NDARINVNW7JFAN8","run-02"
"854","sub-NDARINVNW7JFAN8","run-01"
"855","sub-NDARINVP3LDF3U5","run-03"
"856","sub-NDARINVP3LDF3U5","run-02"
"857","sub-NDARINVP3LDF3U5","run-01"
"858","sub-NDARINVP6U14LUE","run-03"
"859","sub-NDARINVP6U14LUE","run-02"
"860","sub-NDARINVP6U14LUE","run-01"
"861","sub-NDARINVP9L68A4A","run-04"
"862","sub-NDARINVP9L68A4A","run-03"
"863","sub-NDARINVP9L68A4A","run-02"
"864","sub-NDARINVP9L68A4A","run-01"
"865","sub-NDARINVPATH0UC3","run-03"
"866","sub-NDARINVPATH0UC3","run-02"
"867","sub-NDARINVPATH0UC3","run-01"
"868","sub-NDARINVPBXK8FNA","run-03"
"869","sub-NDARINVPBXK8FNA","run-01"
"870","sub-NDARINVPCBB86LH","run-04"
"871","sub-NDARINVPCBB86LH","run-01"
"872","sub-NDARINVPCBB86LH","run-03"
"873","sub-NDARINVPCH8JM5B","run-03"
"874","sub-NDARINVPCH8JM5B","run-02"
"875","sub-NDARINVPCH8JM5B","run-01"
"876","sub-NDARINVPJ80XL8H","run-04"
"877","sub-NDARINVPJ80XL8H","run-02"
"878","sub-NDARINVPJ80XL8H","run-01"
"879","sub-NDARINVPJF841VD","run-04"
"880","sub-NDARINVPJF841VD","run-01"
"881","sub-NDARINVPL7L6GEM","run-01"
"882","sub-NDARINVPL7L6GEM","run-03"
"883","sub-NDARINVPXA33ZKY","run-03"
"884","sub-NDARINVPXA33ZKY","run-02"
"885","sub-NDARINVPXA33ZKY","run-01"
"886","sub-NDARINVPXA96T93","run-01"
"887","sub-NDARINVPXA96T93","run-03"
"888","sub-NDARINVPXA96T93","run-02"
"889","sub-NDARINVR3T709BD","run-03"
"890","sub-NDARINVR3T709BD","run-02"
"891","sub-NDARINVR3T709BD","run-01"
"892","sub-NDARINVR4PV7WZ3","run-03"
"893","sub-NDARINVR4PV7WZ3","run-02"
"894","sub-NDARINVR4PV7WZ3","run-01"
"895","sub-NDARINVR5VKKRM9","run-04"
"896","sub-NDARINVR5VKKRM9","run-03"
"897","sub-NDARINVR5VKKRM9","run-02"
"898","sub-NDARINVR5VKKRM9","run-01"
"899","sub-NDARINVR9AJ27WZ","run-01"
"900","sub-NDARINVR9AJ27WZ","run-02"
"901","sub-NDARINVRBJT537E","run-04"
"902","sub-NDARINVRBJT537E","run-01"
"903","sub-NDARINVRBJT537E","run-03"
"904","sub-NDARINVRBJT537E","run-02"
"905","sub-NDARINVREFXMF6L","run-02"
"906","sub-NDARINVREFXMF6L","run-01"
"907","sub-NDARINVRFNPYVUU","run-03"
"908","sub-NDARINVRFNPYVUU","run-02"
"909","sub-NDARINVRFNPYVUU","run-01"
"910","sub-NDARINVRG6U88KM","run-04"
"911","sub-NDARINVRG6U88KM","run-01"
"912","sub-NDARINVRG6U88KM","run-03"
"913","sub-NDARINVRG6U88KM","run-02"
"914","sub-NDARINVRJ65NCMR","run-01"
"915","sub-NDARINVRJ65NCMR","run-03"
"916","sub-NDARINVRJ65NCMR","run-02"
"917","sub-NDARINVRKYXUEXM","run-04"
"918","sub-NDARINVRKYXUEXM","run-01"
"919","sub-NDARINVRTZP6F8K","run-04"
"920","sub-NDARINVRTZP6F8K","run-01"
"921","sub-NDARINVRTZP6F8K","run-03"
"922","sub-NDARINVRTZP6F8K","run-02"
"923","sub-NDARINVRY4YXW7M","run-03"
"924","sub-NDARINVRY4YXW7M","run-02"
"925","sub-NDARINVRY4YXW7M","run-01"
"926","sub-NDARINVRZ1BPZ6J","run-04"
"927","sub-NDARINVRZ1BPZ6J","run-01"
"928","sub-NDARINVT2V8UJ3M","run-04"
"929","sub-NDARINVT2V8UJ3M","run-03"
"930","sub-NDARINVT2V8UJ3M","run-02"
"931","sub-NDARINVT6Z99TKW","run-03"
"932","sub-NDARINVT6Z99TKW","run-02"
"933","sub-NDARINVTAFX2KWR","run-03"
"934","sub-NDARINVTAFX2KWR","run-02"
"935","sub-NDARINVTAFX2KWR","run-01"
"936","sub-NDARINVTAP6MEMP","run-03"
"937","sub-NDARINVTAP6MEMP","run-02"
"938","sub-NDARINVTAP6MEMP","run-01"
"939","sub-NDARINVTBJX7XV9","run-03"
"940","sub-NDARINVTBJX7XV9","run-02"
"941","sub-NDARINVTBJX7XV9","run-01"
"942","sub-NDARINVTDK7YAGN","run-05"
"943","sub-NDARINVTDK7YAGN","run-03"
"944","sub-NDARINVTFPK1DRW","run-04"
"945","sub-NDARINVTFPK1DRW","run-01"
"946","sub-NDARINVTFPK1DRW","run-02"
"947","sub-NDARINVTMRGF3F4","run-03"
"948","sub-NDARINVTMRGF3F4","run-02"
"949","sub-NDARINVTMRGF3F4","run-01"
"950","sub-NDARINVTTYCH8LT","run-03"
"951","sub-NDARINVTTYCH8LT","run-02"
"952","sub-NDARINVTTYCH8LT","run-01"
"953","sub-NDARINVTWB035Y1","run-01"
"954","sub-NDARINVTWB035Y1","run-02"
"955","sub-NDARINVTZ6EYWUJ","run-04"
"956","sub-NDARINVTZ6EYWUJ","run-02"
"957","sub-NDARINVTZ6EYWUJ","run-01"
"958","sub-NDARINVU3XLKGUY","run-04"
"959","sub-NDARINVU3XLKGUY","run-03"
"960","sub-NDARINVU3XLKGUY","run-02"
"961","sub-NDARINVU3ZHJV5Z","run-02"
"962","sub-NDARINVU3ZHJV5Z","run-01"
"963","sub-NDARINVU5T2LA5F","run-01"
"964","sub-NDARINVU5T2LA5F","run-03"
"965","sub-NDARINVU5T2LA5F","run-02"
"966","sub-NDARINVU8X5T2WD","run-02"
"967","sub-NDARINVU8X5T2WD","run-01"
"968","sub-NDARINVUBFY4UNN","run-04"
"969","sub-NDARINVUBFY4UNN","run-01"
"970","sub-NDARINVUBFY4UNN","run-02"
"971","sub-NDARINVUBKLVB72","run-03"
"972","sub-NDARINVUBKLVB72","run-02"
"973","sub-NDARINVUBKLVB72","run-01"
"974","sub-NDARINVUDUKRV36","run-03"
"975","sub-NDARINVUDUKRV36","run-02"
"976","sub-NDARINVUDUKRV36","run-01"
"977","sub-NDARINVUN2A7AA5","run-04"
"978","sub-NDARINVUN2A7AA5","run-01"
"979","sub-NDARINVUN2A7AA5","run-03"
"980","sub-NDARINVUN2A7AA5","run-02"
"981","sub-NDARINVUNZ46TB8","run-03"
"982","sub-NDARINVUNZ46TB8","run-02"
"983","sub-NDARINVUNZ46TB8","run-01"
"984","sub-NDARINVUP3WUX7T","run-03"
"985","sub-NDARINVUP3WUX7T","run-02"
"986","sub-NDARINVUU2VUW5T","run-02"
"987","sub-NDARINVUU2VUW5T","run-01"
"988","sub-NDARINVUU9P706U","run-04"
"989","sub-NDARINVUU9P706U","run-01"
"990","sub-NDARINVUU9P706U","run-03"
"991","sub-NDARINVUU9P706U","run-02"
"992","sub-NDARINVUUP2MCRU","run-04"
"993","sub-NDARINVUUP2MCRU","run-03"
"994","sub-NDARINVUUP2MCRU","run-01"
"995","sub-NDARINVUVP8NKL5","run-04"
"996","sub-NDARINVUVP8NKL5","run-03"
"997","sub-NDARINVUVP8NKL5","run-02"
"998","sub-NDARINVUVP8NKL5","run-01"
"999","sub-NDARINVUX20B6L5","run-04"
"1000","sub-NDARINVUX20B6L5","run-03"
"1001","sub-NDARINVUZYC1YD6","run-03"
"1002","sub-NDARINVUZYC1YD6","run-02"
"1003","sub-NDARINVUZYC1YD6","run-01"
"1004","sub-NDARINVV2J19CN2","run-03"
"1005","sub-NDARINVV2J19CN2","run-02"
"1006","sub-NDARINVV2J19CN2","run-01"
"1007","sub-NDARINVV4RPD9NA","run-03"
"1008","sub-NDARINVV4RPD9NA","run-02"
"1009","sub-NDARINVV4RPD9NA","run-01"
"1010","sub-NDARINVV4XY140Z","run-03"
"1011","sub-NDARINVV4XY140Z","run-02"
"1012","sub-NDARINVV4XY140Z","run-01"
"1013","sub-NDARINVV54EMBM7","run-04"
"1014","sub-NDARINVV54EMBM7","run-01"
"1015","sub-NDARINVV54EMBM7","run-03"
"1016","sub-NDARINVV54EMBM7","run-02"
"1017","sub-NDARINVVCKR7V40","run-03"
"1018","sub-NDARINVVCKR7V40","run-02"
"1019","sub-NDARINVVCKR7V40","run-01"
"1020","sub-NDARINVVD8NUGKM","run-03"
"1021","sub-NDARINVVD8NUGKM","run-02"
"1022","sub-NDARINVVFKCK80B","run-04"
"1023","sub-NDARINVVFKCK80B","run-03"
"1024","sub-NDARINVVFKCK80B","run-02"
"1025","sub-NDARINVVHBYV2NC","run-03"
"1026","sub-NDARINVVHBYV2NC","run-02"
"1027","sub-NDARINVVHBYV2NC","run-01"
"1028","sub-NDARINVVJ4BVBAV","run-02"
"1029","sub-NDARINVVJ4BVBAV","run-01"
"1030","sub-NDARINVVJBX89D6","run-02"
"1031","sub-NDARINVVJBX89D6","run-01"
"1032","sub-NDARINVVM3WVMV7","run-01"
"1033","sub-NDARINVVM3WVMV7","run-03"
"1034","sub-NDARINVVM3WVMV7","run-02"
"1035","sub-NDARINVVMHC7BEX","run-02"
"1036","sub-NDARINVVMHC7BEX","run-01"
"1037","sub-NDARINVVMHTUJHX","run-03"
"1038","sub-NDARINVVMHTUJHX","run-02"
"1039","sub-NDARINVVMHTUJHX","run-01"
"1040","sub-NDARINVVR8GJJYB","run-04"
"1041","sub-NDARINVVR8GJJYB","run-01"
"1042","sub-NDARINVVR8GJJYB","run-03"
"1043","sub-NDARINVVR8GJJYB","run-02"
"1044","sub-NDARINVVT22AKPY","run-04"
"1045","sub-NDARINVVT22AKPY","run-03"
"1046","sub-NDARINVVT22AKPY","run-02"
"1047","sub-NDARINVVT22AKPY","run-01"
"1048","sub-NDARINVVZ1LY5EP","run-02"
"1049","sub-NDARINVVZ1LY5EP","run-01"
"1050","sub-NDARINVVZ900L8H","run-03"
"1051","sub-NDARINVVZ900L8H","run-02"
"1052","sub-NDARINVW2L5FYC0","run-04"
"1053","sub-NDARINVW2L5FYC0","run-01"
"1054","sub-NDARINVW2L5FYC0","run-03"
"1055","sub-NDARINVW323P74D","run-04"
"1056","sub-NDARINVW323P74D","run-03"
"1057","sub-NDARINVW323P74D","run-02"
"1058","sub-NDARINVWCV58UKD","run-04"
"1059","sub-NDARINVWCV58UKD","run-03"
"1060","sub-NDARINVWDCENDZ9","run-03"
"1061","sub-NDARINVWDCENDZ9","run-02"
"1062","sub-NDARINVWDCENDZ9","run-01"
"1063","sub-NDARINVWDG85F4T","run-02"
"1064","sub-NDARINVWDG85F4T","run-01"
"1065","sub-NDARINVWFL8DCPR","run-03"
"1066","sub-NDARINVWFL8DCPR","run-01"
"1067","sub-NDARINVWMKGJZXX","run-02"
"1068","sub-NDARINVWMKGJZXX","run-01"
"1069","sub-NDARINVWP0ZYHN3","run-03"
"1070","sub-NDARINVWP0ZYHN3","run-02"
"1071","sub-NDARINVWP0ZYHN3","run-01"
"1072","sub-NDARINVWXLHTR31","run-03"
"1073","sub-NDARINVWXLHTR31","run-02"
"1074","sub-NDARINVWXLHTR31","run-01"
"1075","sub-NDARINVX16TFXG3","run-01"
"1076","sub-NDARINVX16TFXG3","run-03"
"1077","sub-NDARINVX34ZUB94","run-04"
"1078","sub-NDARINVX34ZUB94","run-01"
"1079","sub-NDARINVX34ZUB94","run-03"
"1080","sub-NDARINVX34ZUB94","run-02"
"1081","sub-NDARINVX7KKFJ5E","run-04"
"1082","sub-NDARINVX7KKFJ5E","run-01"
"1083","sub-NDARINVX9N847R2","run-01"
"1084","sub-NDARINVX9N847R2","run-03"
"1085","sub-NDARINVX9N847R2","run-02"
"1086","sub-NDARINVX9XKM89P","run-03"
"1087","sub-NDARINVX9XKM89P","run-02"
"1088","sub-NDARINVX9XKM89P","run-01"
"1089","sub-NDARINVXALFHN4F","run-03"
"1090","sub-NDARINVXALFHN4F","run-02"
"1091","sub-NDARINVXALFHN4F","run-01"
"1092","sub-NDARINVXB686CP7","run-03"
"1093","sub-NDARINVXB686CP7","run-02"
"1094","sub-NDARINVXB686CP7","run-01"
"1095","sub-NDARINVXECRNL56","run-03"
"1096","sub-NDARINVXECRNL56","run-02"
"1097","sub-NDARINVXECRNL56","run-01"
"1098","sub-NDARINVXG13EX2M","run-04"
"1099","sub-NDARINVXG13EX2M","run-03"
"1100","sub-NDARINVXG13EX2M","run-02"
"1101","sub-NDARINVXG13EX2M","run-01"
"1102","sub-NDARINVXHKRJC1C","run-04"
"1103","sub-NDARINVXHKRJC1C","run-03"
"1104","sub-NDARINVXHKRJC1C","run-02"
"1105","sub-NDARINVXHKRJC1C","run-01"
"1106","sub-NDARINVXUJFABEC","run-02"
"1107","sub-NDARINVXUJFABEC","run-01"
"1108","sub-NDARINVXUJFABEC","run-03"
"1109","sub-NDARINVXV9TRYCZ","run-02"
"1110","sub-NDARINVXV9TRYCZ","run-01"
"1111","sub-NDARINVXVUGTFV5","run-03"
"1112","sub-NDARINVXVUGTFV5","run-02"
"1113","sub-NDARINVXVUGTFV5","run-01"
"1114","sub-NDARINVXW6WYXN6","run-03"
"1115","sub-NDARINVXW6WYXN6","run-02"
"1116","sub-NDARINVXW6WYXN6","run-01"
"1117","sub-NDARINVY17ZU37V","run-03"
"1118","sub-NDARINVY17ZU37V","run-02"
"1119","sub-NDARINVY17ZU37V","run-01"
"1120","sub-NDARINVY2EFVF4F","run-03"
"1121","sub-NDARINVY2EFVF4F","run-02"
"1122","sub-NDARINVY2EFVF4F","run-01"
"1123","sub-NDARINVY43H2LJL","run-01"
"1124","sub-NDARINVY43H2LJL","run-02"
"1125","sub-NDARINVY4NY9NDV","run-03"
"1126","sub-NDARINVY4NY9NDV","run-02"
"1127","sub-NDARINVY4NY9NDV","run-01"
"1128","sub-NDARINVY4WGB6A3","run-04"
"1129","sub-NDARINVY4WGB6A3","run-03"
"1130","sub-NDARINVY4WGB6A3","run-02"
"1131","sub-NDARINVY5XMUWB0","run-01"
"1132","sub-NDARINVY5XMUWB0","run-02"
"1133","sub-NDARINVY6FE3R8A","run-01"
"1134","sub-NDARINVY6FE3R8A","run-02"
"1135","sub-NDARINVYA6B3A5N","run-04"
"1136","sub-NDARINVYA6B3A5N","run-03"
"1137","sub-NDARINVYA6B3A5N","run-02"
"1138","sub-NDARINVYA6B3A5N","run-01"
"1139","sub-NDARINVYDTVRPWV","run-02"
"1140","sub-NDARINVYDTVRPWV","run-01"
"1141","sub-NDARINVYFMUX7R3","run-01"
"1142","sub-NDARINVYFMUX7R3","run-03"
"1143","sub-NDARINVYGPAVGFJ","run-01"
"1144","sub-NDARINVYGPAVGFJ","run-02"
"1145","sub-NDARINVYM2Y11M1","run-03"
"1146","sub-NDARINVYM2Y11M1","run-02"
"1147","sub-NDARINVYM2Y11M1","run-01"
"1148","sub-NDARINVYPJK6AC5","run-03"
"1149","sub-NDARINVYPJK6AC5","run-02"
"1150","sub-NDARINVYPJK6AC5","run-01"
"1151","sub-NDARINVYU8GX8G7","run-03"
"1152","sub-NDARINVYU8GX8G7","run-02"
"1153","sub-NDARINVYU8GX8G7","run-01"
"1154","sub-NDARINVYVJATKX1","run-04"
"1155","sub-NDARINVYVJATKX1","run-03"
"1156","sub-NDARINVYVJATKX1","run-02"
"1157","sub-NDARINVYVJATKX1","run-01"
"1158","sub-NDARINVYW9MFMW8","run-04"
"1159","sub-NDARINVYW9MFMW8","run-03"
"1160","sub-NDARINVYW9MFMW8","run-02"
"1161","sub-NDARINVYXHBN74V","run-03"
"1162","sub-NDARINVYXHBN74V","run-02"
"1163","sub-NDARINVYXHBN74V","run-01"
"1164","sub-NDARINVYXRGTMYM","run-03"
"1165","sub-NDARINVYXRGTMYM","run-02"
"1166","sub-NDARINVYXRGTMYM","run-01"
"1167","sub-NDARINVYZ0U1DGC","run-03"
"1168","sub-NDARINVYZ0U1DGC","run-02"
"1169","sub-NDARINVYZ0U1DGC","run-01"
"1170","sub-NDARINVYZGRYL84","run-03"
"1171","sub-NDARINVYZGRYL84","run-02"
"1172","sub-NDARINVYZGRYL84","run-01"
"1173","sub-NDARINVZ0MP06TT","run-02"
"1174","sub-NDARINVZ0MP06TT","run-01"
"1175","sub-NDARINVZ48R1346","run-03"
"1176","sub-NDARINVZ48R1346","run-02"
"1177","sub-NDARINVZE3L2GCN","run-03"
"1178","sub-NDARINVZE3L2GCN","run-02"
"1179","sub-NDARINVZE3L2GCN","run-01"
"1180","sub-NDARINVZFGU643V","run-04"
"1181","sub-NDARINVZFGU643V","run-02"
"1182","sub-NDARINVZFGU643V","run-01"
"1183","sub-NDARINVZH7LD600","run-03"
"1184","sub-NDARINVZH7LD600","run-02"
"1185","sub-NDARINVZH7LD600","run-01"
"1186","sub-NDARINVZJYGP0WE","run-04"
"1187","sub-NDARINVZJYGP0WE","run-03"
"1188","sub-NDARINVZJYGP0WE","run-02"
"1189","sub-NDARINVZJYGP0WE","run-01"
"1190","sub-NDARINVZK8052MG","run-03"
"1191","sub-NDARINVZK8052MG","run-02"
"1192","sub-NDARINVZK8052MG","run-01"
"1193","sub-NDARINVZKJXBJMM","run-03"
"1194","sub-NDARINVZKJXBJMM","run-02"
"1195","sub-NDARINVZKJXBJMM","run-01"
"1196","sub-NDARINVZKYLLADV","run-04"
"1197","sub-NDARINVZKYLLADV","run-03"
"1198","sub-NDARINVZKYLLADV","run-02"
"1199","sub-NDARINVZN9E7J06","run-04"
"1200","sub-NDARINVZN9E7J06","run-02"
"1201","sub-NDARINVZPTGXKT8","run-04"
"1202","sub-NDARINVZPTGXKT8","run-03"
"1203","sub-NDARINVZPTGXKT8","run-02"
"1204","sub-NDARINVZPTGXKT8","run-01"
"1205","sub-NDARINVZR16R6Y3","run-02"
"1206","sub-NDARINVZR16R6Y3","run-01"
"1207","sub-NDARINVZT44Y065","run-04"
"1208","sub-NDARINVZT44Y065","run-03"
"1209","sub-NDARINVZWP0XZ9A","run-03"
"1210","sub-NDARINVZWP0XZ9A","run-02"
"1211","sub-NDARINVZWP0XZ9A","run-01"
